id,jurisdiction,doc_type,source_system,canonical_id,title,language,date_document,court,court_ecli_code,case_number,decision_type,subject_matters,source_url,content_html_url,content_xml_url
doc-eu-case-62024CJ0554_RES,EU,case_law,curia,ECLI:EU:C:2026:28,"Judgment of the Court (First Chamber) of 22 January 2026.#Republic of Poland v European Commission.#Appeal – Articles 259, 260 and 279 TFEU – Compliance by a Member State with an order of the Vice-President of the Court imposing interim measures – Obligation to pay a daily penalty until the order is complied with – Failure to take the necessary measures to comply with the order and to pay the periodic penalty – Removal of the case on the merits from the register – Recovery by way of set-off of debts arising from the non-payment of the periodic penalty – Action for annulment.#Case C-554/24 P.",en,2026-01-22,,EU,,Judgment,,https://eur-lex.europa.eu/legal-content/EN/TXT/?uri=CELEX:62024CJ0554_RES,https://eur-lex.europa.eu/legal-content/EN/TXT/HTML/?uri=CELEX:62024CJ0554_RES,https://eur-lex.europa.eu/legal-content/EN/TXT/XML/?uri=CELEX:62024CJ0554_RES
doc-eu-case-62024CC0877,EU,case_law,curia,ECLI:EU:C:2026:37,Opinion of Advocate General Spielmann delivered on 22 January 2026.###,en,2026-01-22,,EU,,Judgment,,https://eur-lex.europa.eu/legal-content/EN/TXT/?uri=CELEX:62024CC0877,https://eur-lex.europa.eu/legal-content/EN/TXT/HTML/?uri=CELEX:62024CC0877,https://eur-lex.europa.eu/legal-content/EN/TXT/XML/?uri=CELEX:62024CC0877
doc-eu-case-62024CC0583,EU,case_law,curia,ECLI:EU:C:2026:35,Opinion of Advocate General Richard de la Tour delivered on 22 January 2026.###,en,2026-01-22,,EU,,Judgment,,https://eur-lex.europa.eu/legal-content/EN/TXT/?uri=CELEX:62024CC0583,https://eur-lex.europa.eu/legal-content/EN/TXT/HTML/?uri=CELEX:62024CC0583,https://eur-lex.europa.eu/legal-content/EN/TXT/XML/?uri=CELEX:62024CC0583
doc-eu-case-62024CC0773,EU,case_law,curia,ECLI:EU:C:2026:39,Opinion of Advocate General Campos Sánchez-Bordona delivered on 22 January 2026.###,en,2026-01-22,,EU,,Judgment,,https://eur-lex.europa.eu/legal-content/EN/TXT/?uri=CELEX:62024CC0773,https://eur-lex.europa.eu/legal-content/EN/TXT/HTML/?uri=CELEX:62024CC0773,https://eur-lex.europa.eu/legal-content/EN/TXT/XML/?uri=CELEX:62024CC0773
doc-eu-case-62024CJ0554,EU,case_law,curia,ECLI:EU:C:2026:28,"Judgment of the Court (First Chamber) of 22 January 2026.#Republic of Poland v European Commission.#Appeal – Articles 259, 260 and 279 TFEU – Compliance by a Member State with an order of the Vice-President of the Court imposing interim measures – Obligation to pay a daily penalty until the order is complied with – Failure to take the necessary measures to comply with the order and to pay the periodic penalty – Removal of the case on the merits from the register – Recovery by way of set-off of debts arising from the non-payment of the periodic penalty – Action for annulment.#Case C-554/24 P.",en,2026-01-22,,EU,,Judgment,,https://eur-lex.europa.eu/legal-content/EN/TXT/?uri=CELEX:62024CJ0554,https://eur-lex.europa.eu/legal-content/EN/TXT/HTML/?uri=CELEX:62024CJ0554,https://eur-lex.europa.eu/legal-content/EN/TXT/XML/?uri=CELEX:62024CJ0554
doc-eu-case-62024CJ0902,EU,case_law,curia,ECLI:EU:C:2026:42,Judgment of the Court (Ninth Chamber) of 22 January 2026.#RM and EM v Santander Bank Polska S.A.#Reference for a preliminary ruling – Consumer protection – Directive 93/13/EEC – Unfair terms in consumer contracts – Article 6(1) and Article 7(1) – Mortgage loan agreement indexed to a foreign currency and containing unfair terms – Effects of the finding that a contractual term is unfair – Void agreement – National case-law providing for two independent claims for restitution – Consumer action seeking repayment of monthly payments made under the agreement – Claim of the seller or supplier corresponding to the amount of the loan – Recovery – Right of the seller or supplier to raise a plea of set-off of its claim against that of the consumer – Rules on the award of costs – Dissuasive effect of the prohibition on unfair terms – Principle of effectiveness – Obligation to interpret national law in conformity with EU law.#Case C-902/24.,en,2026-01-22,,EU,,Judgment,,https://eur-lex.europa.eu/legal-content/EN/TXT/?uri=CELEX:62024CJ0902,https://eur-lex.europa.eu/legal-content/EN/TXT/HTML/?uri=CELEX:62024CJ0902,https://eur-lex.europa.eu/legal-content/EN/TXT/XML/?uri=CELEX:62024CJ0902
doc-eu-case-62024CJ0812,EU,case_law,curia,ECLI:EU:C:2026:38,"Judgment of the Court (Seventh Chamber) of 22 January 2026.#LIPOR – Associação de Municípios para a Gestão Sustentável de Resíduos do Grande Porto and PreZero Portugal, S.A. v Semural Waste & Energy, S.A.#Reference for a preliminary ruling – Public procurement of service, supply and works contracts – Directive 2014/24/EU – Award of contracts – Article 2(1)(10) – Concept of ‘economic operator’ – Inclusion of a subsidiary wholly owned by the parent company – Article 63 – Reliance on the capacities of other entities of persons linked with that undertaking – Article 59(1) – Freedom to prove that the capacities of other entities have been made available – Implementing Regulation (EU) 2016/7 – Annex 1 and point C of Part II of Annex 2 – Submission of several European Single Procurement Documents (ESPD) – Purpose of the ESPD.#Case C-812/24.",en,2026-01-22,,EU,,Judgment,,https://eur-lex.europa.eu/legal-content/EN/TXT/?uri=CELEX:62024CJ0812,https://eur-lex.europa.eu/legal-content/EN/TXT/HTML/?uri=CELEX:62024CJ0812,https://eur-lex.europa.eu/legal-content/EN/TXT/XML/?uri=CELEX:62024CJ0812
doc-eu-case-62024CJ0144,EU,case_law,curia,ECLI:EU:C:2026:34,Judgment of the Court (Fifth Chamber) of 22 January 2026.#European Commission v Hungary.#Failure of a Member State to fulfil obligations – Freedom of establishment – National legislation establishing reference prices for certain basic construction materials below market prices – Obligation to pay an ‘additional mining fee’ corresponding to 90% of the difference between the reference price and the selling price – Measure mainly affecting undertakings held by companies established in other Member States – No justification – Procedure for the provision of information in the field of technical standards and regulations and of rules on Information Society services – Directive (EU) 2015/1535 – Article 1(1)(d) – Concept of ‘other requirements’.#Case C-144/24.,en,2026-01-22,,EU,,Judgment,,https://eur-lex.europa.eu/legal-content/EN/TXT/?uri=CELEX:62024CJ0144,https://eur-lex.europa.eu/legal-content/EN/TXT/HTML/?uri=CELEX:62024CJ0144,https://eur-lex.europa.eu/legal-content/EN/TXT/XML/?uri=CELEX:62024CJ0144
doc-eu-case-62024CJ0590,EU,case_law,curia,ECLI:EU:C:2026:41,Judgment of the Court (Eighth Chamber) of 22 January 2026.##Reference for a preliminary ruling – Public procurement procedures – Directive 2014/23 – Award of concession contracts – Directive 2014/24 – Grounds for exclusion – National legislation establishing a register of public sector partners – Requirement of impartiality on the part of the person authorised to enter the public sector partner in that register – Imposition of a fine for non-compliance with that requirement – Automatic exclusion from participation in public procurement procedures in the event of non-payment of that fine – Article 49 of the Charter of Fundamental Rights of the European Union – Criminal nature of the penalty – Predictability and proportionality of that penalty – Principle of legal certainty.#Case C-590/24.,en,2026-01-22,,EU,,Judgment,,https://eur-lex.europa.eu/legal-content/EN/TXT/?uri=CELEX:62024CJ0590,https://eur-lex.europa.eu/legal-content/EN/TXT/HTML/?uri=CELEX:62024CJ0590,https://eur-lex.europa.eu/legal-content/EN/TXT/XML/?uri=CELEX:62024CJ0590
doc-eu-case-62023CJ0423,EU,case_law,curia,ECLI:EU:C:2026:32,Judgment of the Court (Fourth Chamber) of 22 January 2026.#Secab Soc. coop. v Autorità di Regolazione per Energia Reti e Ambiente (ARERA) and Gestore dei servizi energetici (GSE) SpA.#Reference for a preliminary ruling – Internal market for electricity – Directive (EU) 2019/944 – Article 5 – Market-based supply prices – Directive (EU) 2018/2001 – Promotion of the use of energy from renewable sources – Regulation (EU) 2022/1854 – Emergency intervention to address high energy prices – Articles 6 and 7 – Cap on the market revenues obtained by electricity producers using certain renewable energy sources – Article 8 – National measures further limiting market revenues – Conditions – National legislation not guaranteeing that producers retain 10% of surplus revenues above the cap – Preservation of investments in the renewable energy sector – No cap on the revenues obtained from the sale of energy produced from hard coal – No legislation differentiating between different sources of production.#Case C-423/23.,en,2026-01-22,,EU,,Judgment,,https://eur-lex.europa.eu/legal-content/EN/TXT/?uri=CELEX:62023CJ0423,https://eur-lex.europa.eu/legal-content/EN/TXT/HTML/?uri=CELEX:62023CJ0423,https://eur-lex.europa.eu/legal-content/EN/TXT/XML/?uri=CELEX:62023CJ0423
doc-eu-case-62024CJ0018,EU,case_law,curia,ECLI:EU:C:2026:33,"Judgment of the Court (Fourth Chamber) of 22 January 2026.#NOVIS Insurance Company, NOVIS Versicherungsgesellschaft, NOVIS Compagnia di Assicurazioni, NOVIS Poisťovňa a.s. v Česká národní banka.#Reference for a preliminary ruling – Freedom of establishment and freedom to provide services – Single insurance market – Directive 2009/138/EC – Principle of supervision by the home Member State – Article 155 – Competencies of the supervisory authorities of the host Member State – Cooperation with the authorities of the home Member State – Insurance undertaking not complying with the legal provisions applicable in the host Member State – Provisions concerned – Regulation (EU) No 1286/2014 – Packaged retail and insurance-based investment products (PRIIPs) – Directive (EU) 2016/97 – Insurance distribution – Powers of the supervisory authorities of the host Member State to penalise the undertaking concerned – Scope.#Case C-18/24.",en,2026-01-22,,EU,,Judgment,,https://eur-lex.europa.eu/legal-content/EN/TXT/?uri=CELEX:62024CJ0018,https://eur-lex.europa.eu/legal-content/EN/TXT/HTML/?uri=CELEX:62024CJ0018,https://eur-lex.europa.eu/legal-content/EN/TXT/XML/?uri=CELEX:62024CJ0018
doc-eu-case-62024CJ0453,EU,case_law,curia,ECLI:EU:C:2026:31,"Judgment of the Court (Second Chamber) of 22 January 2026.#Sofiyska gradska prokuratura v BC.#Reference for a preliminary ruling – Area of freedom, security and justice – Framework Decision 2005/214/JHA – Mutual recognition of financial penalties – Article 7(2)(g) – Ground for non-recognition and non-execution – Informing the person concerned of his or her right to contest the case and of the time limits of such a legal remedy – Article 7(3) – Obligation to consult the competent authority of the issuing Member State.#Case C-453/24.",en,2026-01-22,,EU,,Judgment,,https://eur-lex.europa.eu/legal-content/EN/TXT/?uri=CELEX:62024CJ0453,https://eur-lex.europa.eu/legal-content/EN/TXT/HTML/?uri=CELEX:62024CJ0453,https://eur-lex.europa.eu/legal-content/EN/TXT/XML/?uri=CELEX:62024CJ0453
doc-eu-case-62024CJ0633,EU,case_law,curia,ECLI:EU:C:2026:36,"Judgment of the Court (Sixth Chamber) of 22 January 2026.#F.F. v Istituto nazionale della previdenza sociale (INPS).#Reference for a preliminary ruling – Social security – Migrant workers – Regulation (EC) No 883/2004 – Equal treatment – Aggregation of periods – Article 58 – Agreement between the European Community and its Member States, of the one part, and the Swiss Confederation, of the other, on the free movement of persons – Invalidity benefits – Supplement in order to guarantee receipt of the statutory minimum invalidity benefit – Stricter conditions relating to the contribution period for workers who have exercised their right to freedom of movement.#Case C-633/24.",en,2026-01-22,,EU,,Judgment,,https://eur-lex.europa.eu/legal-content/EN/TXT/?uri=CELEX:62024CJ0633,https://eur-lex.europa.eu/legal-content/EN/TXT/HTML/?uri=CELEX:62024CJ0633,https://eur-lex.europa.eu/legal-content/EN/TXT/XML/?uri=CELEX:62024CJ0633
doc-eu-case-62024CJ0413,EU,case_law,curia,ECLI:EU:C:2026:30,"Judgment of the Court (Second Chamber) of 22 January 2026.#Vlaams Gewest v P&O North Sea Ferries Limited and P&O Ferries Limited.#Reference for a preliminary ruling – Regulation (EEC) No 4055/86 – Application of the principle of freedom to provide services to maritime transport between Member States and between Member States and third countries – Article 56 TFEU – Article 191 of the Trade and Cooperation Agreement between the European Union and the European Atomic Energy Community, of the one part, and the United Kingdom of Great Britain and Northern Ireland, of the other part – Freedom to provide services – Restrictions – National legislation providing for the payment of a charge for the mandatory use of a vessel traffic services system (‘Verkeersbegeleidingssysteem’), depending on the length of the vessel concerned – Legislation applying to maritime traffic that is bound for ports of Vlaams Gewest (Flemish Region (Belgium)) covered by that system and that departs from a port of a Member State other than the Kingdom of Belgium, but not applying to the traffic between those Flemish ports – Agreement on the withdrawal of the United Kingdom of Great Britain and Northern Ireland from the European Union and the European Atomic Energy Community (Brexit).#Case C-413/24.",en,2026-01-22,,EU,,Judgment,,https://eur-lex.europa.eu/legal-content/EN/TXT/?uri=CELEX:62024CJ0413,https://eur-lex.europa.eu/legal-content/EN/TXT/HTML/?uri=CELEX:62024CJ0413,https://eur-lex.europa.eu/legal-content/EN/TXT/XML/?uri=CELEX:62024CJ0413
doc-eu-case-62024CJ0379,EU,case_law,curia,ECLI:EU:C:2026:29,"Judgment of the Court (Second Chamber) of 22 January 2026.#Agrupació de Neteja Sanitària, AIE v Tribunal Económico-Administrativo Regional de Cataluña (TEARC).#References for a preliminary ruling – Taxation – Common system of value added tax (VAT) – Directive 2006/112/EC – Supply of services by independent groups of persons, who are carrying on an activity which is exempt from VAT – Services directly necessary for the exercise of the exempt activity – Risk of distortion of competition – Cleaning services in the healthcare and education sectors – National legislation requiring that the services be directly and exclusively linked to the exempt activity and necessary for the exercise of that activity.#Case C-379/24.",en,2026-01-22,,EU,,Judgment,,https://eur-lex.europa.eu/legal-content/EN/TXT/?uri=CELEX:62024CJ0379,https://eur-lex.europa.eu/legal-content/EN/TXT/HTML/?uri=CELEX:62024CJ0379,https://eur-lex.europa.eu/legal-content/EN/TXT/XML/?uri=CELEX:62024CJ0379
doc-eu-case-62025TJ0071,EU,case_law,curia,ECLI:EU:T:2026:32,"Judgment of the General Court (Second Chamber) of 21 January 2026.#Casa Ermelinda Freitas - Vinhos, S. A. v European Union Intellectual Property Office.#EU trade mark – Opposition proceedings – Application for the EU figurative trade mark EF – Earlier EU word mark EF – ERMELINDA FREITAS – No likelihood of confusion – Article 8(1)(b) of Regulation (EU) 2017/1001.#Case T-71/25.",en,2026-01-21,,EU,,Judgment,,https://eur-lex.europa.eu/legal-content/EN/TXT/?uri=CELEX:62025TJ0071,https://eur-lex.europa.eu/legal-content/EN/TXT/HTML/?uri=CELEX:62025TJ0071,https://eur-lex.europa.eu/legal-content/EN/TXT/XML/?uri=CELEX:62025TJ0071
doc-eu-case-62024TJ0561,EU,case_law,curia,ECLI:EU:T:2026:30,Judgment of the General Court (First Chamber) of 21 January 2026.#Universal Brand Group Pty Ltd v European Union Intellectual Property Office.#EU trade mark – Opposition proceedings – Application for the EU figurative mark Elton – Earlier national word mark ELON – Relative ground for refusal – Likelihood of confusion – Article 8(1)(b) of Regulation (EU) 2017/1001.#Case T-561/24.,en,2026-01-21,,EU,,Judgment,,https://eur-lex.europa.eu/legal-content/EN/TXT/?uri=CELEX:62024TJ0561,https://eur-lex.europa.eu/legal-content/EN/TXT/HTML/?uri=CELEX:62024TJ0561,https://eur-lex.europa.eu/legal-content/EN/TXT/XML/?uri=CELEX:62024TJ0561
doc-eu-case-62024TJ0174,EU,case_law,curia,ECLI:EU:T:2026:36,"Judgment of the General Court (Sixth Chamber) of 21 January 2026.#Djchem Chemicals Poland S.A. and The Goodyear Tire & Rubber Company v European Commission.#Environment and protection of human health – Regulation (EC) No 1272/2008 – Classification, labelling and packaging of certain substances and certain mixtures – Delegated Regulation (EU) 2024/197 – Classification and labelling of 1,4-Benzenediamine, N,N’-mixed Ph and tolyl derivs. – Criteria for classification of a substance in the hazard class reproductive toxicity category 1B – Multi-constituent substance – Relevance of adverse effects in humans – Read-across – Manifest errors of assessment – Equal treatment – Proportionality – Rights of the defence.#Case T-174/24.",en,2026-01-21,,EU,,Judgment,,https://eur-lex.europa.eu/legal-content/EN/TXT/?uri=CELEX:62024TJ0174,https://eur-lex.europa.eu/legal-content/EN/TXT/HTML/?uri=CELEX:62024TJ0174,https://eur-lex.europa.eu/legal-content/EN/TXT/XML/?uri=CELEX:62024TJ0174
doc-eu-case-62025TJ0134,EU,case_law,curia,ECLI:EU:T:2026:35,"Judgment of the General Court (Fifth Chamber, Extended Composition) of 21 January 2026.#D S.A. v P S.A.#Reference for a preliminary ruling – Air transport – Compensation to passengers in the event of a long delay or cancellation of a flight – Exemption – Extraordinary circumstances – Article 5(3) of Regulation (EC) No 261/2004 – Air traffic management decision – Allocation of delayed departure slots due to adverse weather conditions – Possibility of relying on a flight subsequent to that affected by the occurrence of an extraordinary circumstance.#Case T-134/25.",en,2026-01-21,,EU,,Judgment,,https://eur-lex.europa.eu/legal-content/EN/TXT/?uri=CELEX:62025TJ0134,https://eur-lex.europa.eu/legal-content/EN/TXT/HTML/?uri=CELEX:62025TJ0134,https://eur-lex.europa.eu/legal-content/EN/TXT/XML/?uri=CELEX:62025TJ0134
doc-eu-case-62024TJ0218,EU,case_law,curia,ECLI:EU:T:2026:34,Judgment of the General Court (Fifth Chamber) of 21 January 2026.#DT v Eulex Kosovo.#Arbitration clause – Common foreign and security policy – International civilian staff of EU international missions – Consecutive fixed-term contracts – Termination of the applicant’s contract – Right to be heard – Obligation to state reasons – Principle of sound administration – Duty to have regard for the welfare of staff – Misuse of powers – Equal treatment – Legitimate expectations.#Case T-218/24.,en,2026-01-21,,EU,,Judgment,,https://eur-lex.europa.eu/legal-content/EN/TXT/?uri=CELEX:62024TJ0218,https://eur-lex.europa.eu/legal-content/EN/TXT/HTML/?uri=CELEX:62024TJ0218,https://eur-lex.europa.eu/legal-content/EN/TXT/XML/?uri=CELEX:62024TJ0218
doc-eu-case-62025TJ0043,EU,case_law,curia,ECLI:EU:T:2026:31,Judgment of the General Court (First Chamber) of 21 January 2026.#Puma SE v European Union Intellectual Property Office.#EU trade mark – Opposition proceedings – Application for an EU figurative mark representing a curved stripe and an irregular triangle inside a black rectangle – Earlier EU figurative marks representing one or more white curved stripes ascending to the right – Relative ground for refusal – No likelihood of confusion – Article 8(1)(b) of Regulation (EU) 2017/1001.#Case T-43/25.,en,2026-01-21,,EU,,Judgment,,https://eur-lex.europa.eu/legal-content/EN/TXT/?uri=CELEX:62025TJ0043,https://eur-lex.europa.eu/legal-content/EN/TXT/HTML/?uri=CELEX:62025TJ0043,https://eur-lex.europa.eu/legal-content/EN/TXT/XML/?uri=CELEX:62025TJ0043
doc-eu-case-62025TJ0078,EU,case_law,curia,ECLI:EU:T:2026:37,"Judgment of the General Court (Sixth Chamber) of 21 January 2026.#Synonym Software, SA de CV v European Union Intellectual Property Office.#EU trade mark – Application for the EU word mark PAYKIT – Absolute ground for refusal – Descriptiveness – Article 7(1)(c) of Regulation (EU) 2017/1001 – Equal treatment – Principle of sound administration.#Case T-78/25.",en,2026-01-21,,EU,,Judgment,,https://eur-lex.europa.eu/legal-content/EN/TXT/?uri=CELEX:62025TJ0078,https://eur-lex.europa.eu/legal-content/EN/TXT/HTML/?uri=CELEX:62025TJ0078,https://eur-lex.europa.eu/legal-content/EN/TXT/XML/?uri=CELEX:62025TJ0078
doc-eu-case-62024TJ0093,EU,case_law,curia,ECLI:EU:T:2026:33,"Judgment of the General Court (Third Chamber, Extended Composition) of 21 January 2026.#Lantmännen ek för and Lantmännen Biorefineries AB v European Commission.#Competition – Agreements, decisions and concerted practices – Markets for ethanol and for bioethanol – Decision establishing an infringement of Article 101 TFEU and Article 53 of the EEA Agreement – Staggered ‘hybrid’ procedure – Presumption of innocence – Impartiality.#Case T-93/24.",en,2026-01-21,,EU,,Judgment,,https://eur-lex.europa.eu/legal-content/EN/TXT/?uri=CELEX:62024TJ0093,https://eur-lex.europa.eu/legal-content/EN/TXT/HTML/?uri=CELEX:62024TJ0093,https://eur-lex.europa.eu/legal-content/EN/TXT/XML/?uri=CELEX:62024TJ0093
doc-eu-case-62025TC0150,EU,case_law,curia,ECLI:EU:T:2026:39,Opinion of Advocate General Martín y Pérez de Nanclares delivered on 21 January 2026.###,en,2026-01-21,,EU,,Judgment,,https://eur-lex.europa.eu/legal-content/EN/TXT/?uri=CELEX:62025TC0150,https://eur-lex.europa.eu/legal-content/EN/TXT/HTML/?uri=CELEX:62025TC0150,https://eur-lex.europa.eu/legal-content/EN/TXT/XML/?uri=CELEX:62025TC0150
doc-eu-case-62025TO0694(01),EU,case_law,curia,ECLI:EU:T:2026:28,Order of the President of the General Court of 16 January 2026.#Chemours Netherlands BV v European Commission.#Interim relief – Environment – Fluorinated greenhouse gases – Regulation (EU) 2024/573 – Decision imposing a penalty on an undertaking that exceeded the quota allocated to it – Quota reduction – Application for interim measures – No urgency.#Case T-694/25 R.,en,2026-01-16,,EU,,Judgment,,https://eur-lex.europa.eu/legal-content/EN/TXT/?uri=CELEX:62025TO0694(01),https://eur-lex.europa.eu/legal-content/EN/TXT/HTML/?uri=CELEX:62025TO0694(01),https://eur-lex.europa.eu/legal-content/EN/TXT/XML/?uri=CELEX:62025TO0694(01)
doc-eu-case-62024CJ0742,EU,case_law,curia,ECLI:EU:C:2026:15,"Judgment of the Court (Tenth Chamber) of 15 January 2026.#International Protection Appeals Tribunal and Others v L.K.#Request for a preliminary ruling from the Supreme Court.#Reference for a preliminary ruling – Border controls, asylum and immigration – Asylum policy – Directive 2013/33/EU – Article 15(1) – Access to the labour market as an applicant for international protection – Refusal of a request to access the labour market – Reason for the refusal – Delay in the processing of the application for international protection attributable in part to the applicant.#Case C-742/24.",en,2026-01-15,,EU,,Judgment,,https://eur-lex.europa.eu/legal-content/EN/TXT/?uri=CELEX:62024CJ0742,https://eur-lex.europa.eu/legal-content/EN/TXT/HTML/?uri=CELEX:62024CJ0742,https://eur-lex.europa.eu/legal-content/EN/TXT/XML/?uri=CELEX:62024CJ0742
doc-eu-case-62024CJ0742,EU,case_law,curia,ECLI:EU:C:2026:15,"Judgment of the Court (Tenth Chamber) of 15 January 2026.#International Protection Appeals Tribunal and Others v L.K.#Reference for a preliminary ruling – Border controls, asylum and immigration – Asylum policy – Directive 2013/33/EU – Article 15(1) – Access to the labour market as an applicant for international protection – Refusal of a request to access the labour market – Reason for the refusal – Delay in the processing of the application for international protection attributable in part to the applicant.#Case C-742/24.",en,2026-01-15,,EU,,Judgment,,https://eur-lex.europa.eu/legal-content/EN/TXT/?uri=CELEX:62024CJ0742,https://eur-lex.europa.eu/legal-content/EN/TXT/HTML/?uri=CELEX:62024CJ0742,https://eur-lex.europa.eu/legal-content/EN/TXT/XML/?uri=CELEX:62024CJ0742
doc-eu-case-62024CJ0075,EU,case_law,curia,ECLI:EU:C:2026:6,Judgment of the Court (Fifth Chamber) of 15 January 2026.#XH v European Commission.#Appeal – Civil service – European Anti-Fraud Office (OLAF) – Allegations of psychological harassment during periods of sick leave – Rejection of the request for assistance and of the claim for compensation – Opening of an invalidity procedure – Action for annulment and for damages – Admissibility – Acts open to challenge – Obligation on the part of the General Court of the European Union to state reasons – Contradictory reasoning – Distortion of the facts and evidence.#Case C-75/24 P.,en,2026-01-15,,EU,,Judgment,,https://eur-lex.europa.eu/legal-content/EN/TXT/?uri=CELEX:62024CJ0075,https://eur-lex.europa.eu/legal-content/EN/TXT/HTML/?uri=CELEX:62024CJ0075,https://eur-lex.europa.eu/legal-content/EN/TXT/XML/?uri=CELEX:62024CJ0075
doc-eu-case-62024CJ0129,EU,case_law,curia,ECLI:EU:C:2026:5,Judgment of the Court (Fifth Chamber) of 15 January 2026.#Coillte Cuideachta Ghníomhaíochta Ainmnithe v Commissioner for Environmental Information.#Request for a preliminary ruling from the High Court (Irlande).#Reference for a preliminary ruling – Environment – Aarhus Convention – Directive 2003/4/EC – Public access to environmental information – Concepts of ‘applicant’ and ‘request’ – Anonymous applicants or applicants using pseudonyms – Right of access to environmental information – Practical arrangements – Obligation for applicants to provide their actual name and a current physical address – Invalidity of the request.#Case C-129/24.,en,2026-01-15,,EU,,Judgment,,https://eur-lex.europa.eu/legal-content/EN/TXT/?uri=CELEX:62024CJ0129,https://eur-lex.europa.eu/legal-content/EN/TXT/HTML/?uri=CELEX:62024CJ0129,https://eur-lex.europa.eu/legal-content/EN/TXT/XML/?uri=CELEX:62024CJ0129
doc-eu-case-62024CJ0129,EU,case_law,curia,ECLI:EU:C:2026:5,Judgment of the Court (Fifth Chamber) of 15 January 2026.#Coillte Cuideachta Ghníomhaíochta Ainmnithe v Commissioner for Environmental Information.#Reference for a preliminary ruling – Environment – Aarhus Convention – Directive 2003/4/EC – Public access to environmental information – Concepts of ‘applicant’ and ‘request’ – Anonymous applicants or applicants using pseudonyms – Right of access to environmental information – Practical arrangements – Obligation for applicants to provide their actual name and a current physical address – Invalidity of the request.#Case C-129/24.,en,2026-01-15,,EU,,Judgment,,https://eur-lex.europa.eu/legal-content/EN/TXT/?uri=CELEX:62024CJ0129,https://eur-lex.europa.eu/legal-content/EN/TXT/HTML/?uri=CELEX:62024CJ0129,https://eur-lex.europa.eu/legal-content/EN/TXT/XML/?uri=CELEX:62024CJ0129
doc-eu-case-62024CC0657,EU,case_law,curia,ECLI:EU:C:2026:18,Opinion of Advocate General Norkus delivered on 15 January 2026.###,en,2026-01-15,,EU,,Judgment,,https://eur-lex.europa.eu/legal-content/EN/TXT/?uri=CELEX:62024CC0657,https://eur-lex.europa.eu/legal-content/EN/TXT/HTML/?uri=CELEX:62024CC0657,https://eur-lex.europa.eu/legal-content/EN/TXT/XML/?uri=CELEX:62024CC0657
doc-eu-case-62024CC0788,EU,case_law,curia,ECLI:EU:C:2026:12,Opinion of Advocate General Rantos delivered on 15 January 2026.###,en,2026-01-15,,EU,,Judgment,,https://eur-lex.europa.eu/legal-content/EN/TXT/?uri=CELEX:62024CC0788,https://eur-lex.europa.eu/legal-content/EN/TXT/HTML/?uri=CELEX:62024CC0788,https://eur-lex.europa.eu/legal-content/EN/TXT/XML/?uri=CELEX:62024CC0788
doc-eu-case-62024CC0622,EU,case_law,curia,ECLI:EU:C:2026:20,Opinion of Advocate General Emiliou delivered on 15 January 2026.###,en,2026-01-15,,EU,,Judgment,,https://eur-lex.europa.eu/legal-content/EN/TXT/?uri=CELEX:62024CC0622,https://eur-lex.europa.eu/legal-content/EN/TXT/HTML/?uri=CELEX:62024CC0622,https://eur-lex.europa.eu/legal-content/EN/TXT/XML/?uri=CELEX:62024CC0622
doc-eu-case-62024CC0801,EU,case_law,curia,ECLI:EU:C:2026:17,Opinion of Advocate General Medina delivered on 15 January 2026.###,en,2026-01-15,,EU,,Judgment,,https://eur-lex.europa.eu/legal-content/EN/TXT/?uri=CELEX:62024CC0801,https://eur-lex.europa.eu/legal-content/EN/TXT/HTML/?uri=CELEX:62024CC0801,https://eur-lex.europa.eu/legal-content/EN/TXT/XML/?uri=CELEX:62024CC0801
doc-eu-case-62024CC0603,EU,case_law,curia,ECLI:EU:C:2026:21,Opinion of Advocate General Kokott delivered on 15 January 2026.###,en,2026-01-15,,EU,,Judgment,,https://eur-lex.europa.eu/legal-content/EN/TXT/?uri=CELEX:62024CC0603,https://eur-lex.europa.eu/legal-content/EN/TXT/HTML/?uri=CELEX:62024CC0603,https://eur-lex.europa.eu/legal-content/EN/TXT/XML/?uri=CELEX:62024CC0603
doc-eu-case-62025CC0052,EU,case_law,curia,ECLI:EU:C:2026:19,Opinion of Advocate General Biondi delivered on 15 January 2026.###,en,2026-01-15,,EU,,Judgment,,https://eur-lex.europa.eu/legal-content/EN/TXT/?uri=CELEX:62025CC0052,https://eur-lex.europa.eu/legal-content/EN/TXT/HTML/?uri=CELEX:62025CC0052,https://eur-lex.europa.eu/legal-content/EN/TXT/XML/?uri=CELEX:62025CC0052
doc-eu-case-62024CC0748,EU,case_law,curia,ECLI:EU:C:2026:16,Opinion of Advocate General Spielmann delivered on 15 January 2026.###,en,2026-01-15,,EU,,Judgment,,https://eur-lex.europa.eu/legal-content/EN/TXT/?uri=CELEX:62024CC0748,https://eur-lex.europa.eu/legal-content/EN/TXT/HTML/?uri=CELEX:62024CC0748,https://eur-lex.europa.eu/legal-content/EN/TXT/XML/?uri=CELEX:62024CC0748
doc-eu-case-62024CC0560,EU,case_law,curia,ECLI:EU:C:2026:11,Opinion of Advocate General Norkus delivered on 15 January 2026.###,en,2026-01-15,,EU,,Judgment,,https://eur-lex.europa.eu/legal-content/EN/TXT/?uri=CELEX:62024CC0560,https://eur-lex.europa.eu/legal-content/EN/TXT/HTML/?uri=CELEX:62024CC0560,https://eur-lex.europa.eu/legal-content/EN/TXT/XML/?uri=CELEX:62024CC0560
doc-eu-case-62024CJ0588,EU,case_law,curia,ECLI:EU:C:2026:14,Judgment of the Court (Tenth Chamber) of 15 January 2026.#Imballaggi Piemontesi Srl v Autorità Garante della Concorrenza e del Mercato (AGCM).#Request for a preliminary ruling from the Consiglio di Stato.#Reference for a preliminary ruling – Competition – Article 101 TFEU – Prohibition of restrictive practices – Procedures for infringement of the rules of competition law conducted by the national competition authorities – Compliance with a reasonable time limit – Time limit for closure of the investigation stage of the infringement proceedings – National legislation allowing the national competition authority unilaterally to postpone that time limit on account of circumstances which lead to an extension of the subject matter of those proceedings or of the number of undertakings concerned – General principle of the right to good administration – Article 47 of the Charter of Fundamental Rights of the European Union – Principle of effective judicial protection – Rights of defence of undertakings – Principle of effectiveness.#Case C-588/24.,en,2026-01-15,,EU,,Judgment,,https://eur-lex.europa.eu/legal-content/EN/TXT/?uri=CELEX:62024CJ0588,https://eur-lex.europa.eu/legal-content/EN/TXT/HTML/?uri=CELEX:62024CJ0588,https://eur-lex.europa.eu/legal-content/EN/TXT/XML/?uri=CELEX:62024CJ0588
doc-eu-case-62024CJ0822,EU,case_law,curia,ECLI:EU:C:2026:13,"Judgment of the Court (Eighth Chamber) of 15 January 2026.#bluechip Computer Aktiengesellschaft v Zentralstelle für private Überspielungsrechte (ZPÜ).#Request for a preliminary ruling from the Bundesgerichtshof.#Reference for a preliminary ruling – Copyright and related rights – Harmonisation of certain aspects of copyright and related rights in the information society – Directive 2001/29/EC – Article 2 – Reproduction right – Article 5 – Exceptions and limitations – Fair compensation for private copying – National legislation providing for payment of such compensation by manufacturers, importers and traders of storage media that may be used for making reproductions and are intended for commercial end users – Obligation based on the rebuttable presumption that use of such storage devices is for the purposes of private copying – Whether permissible.#Case C-822/24.",en,2026-01-15,,EU,,Judgment,,https://eur-lex.europa.eu/legal-content/EN/TXT/?uri=CELEX:62024CJ0822,https://eur-lex.europa.eu/legal-content/EN/TXT/HTML/?uri=CELEX:62024CJ0822,https://eur-lex.europa.eu/legal-content/EN/TXT/XML/?uri=CELEX:62024CJ0822
doc-eu-case-62023CJ0692,EU,case_law,curia,ECLI:EU:C:2026:4,Judgment of the Court (Fifth Chamber) of 15 January 2026.#AVR-Afvalverwerking BV v NV BAR-Afvalbeheer and Others.#Request for a preliminary ruling from the Gerechtshof Den Haag.#Reference for a preliminary ruling – Public procurement – Directive 2014/24/EU – Article 12(3) – Public contract awarded directly to a legal person jointly controlled by the contracting authorities – Conditions – Threshold of the activities of the controlled legal person carried out in the performance of tasks entrusted to it by the contracting authorities – Article 12(5) – Consideration of the turnover of the subsidiaries of the group of which the controlled legal person is the parent company – EU accounting legislation – Directive 2013/34/EU – Articles 22 and 24 – Preparation of consolidated financial statements.#Case C-692/23.,en,2026-01-15,,EU,,Judgment,,https://eur-lex.europa.eu/legal-content/EN/TXT/?uri=CELEX:62023CJ0692,https://eur-lex.europa.eu/legal-content/EN/TXT/HTML/?uri=CELEX:62023CJ0692,https://eur-lex.europa.eu/legal-content/EN/TXT/XML/?uri=CELEX:62023CJ0692
doc-eu-case-62024CJ0077,EU,case_law,curia,ECLI:EU:C:2026:1,Judgment of the Court (First Chamber) of 15 January 2026.#NM and OU v TE.#Request for a preliminary ruling from the Oberster Gerichtshof.#Reference for a preliminary ruling – Judicial cooperation in civil matters – Law applicable to non-contractual obligations – Regulation (EC) No 864/2007 – Article 4(1) – Scope – Liability in tort or delict of an officer of a company that organises online games of chance without holding the required licence – Action for the recovery of gambling losses – Place where the damage occurred.#Case C-77/24.,en,2026-01-15,,EU,,Judgment,,https://eur-lex.europa.eu/legal-content/EN/TXT/?uri=CELEX:62024CJ0077,https://eur-lex.europa.eu/legal-content/EN/TXT/HTML/?uri=CELEX:62024CJ0077,https://eur-lex.europa.eu/legal-content/EN/TXT/XML/?uri=CELEX:62024CJ0077
doc-eu-case-62024CJ0045,EU,case_law,curia,ECLI:EU:C:2026:2,Judgment of the Court (Fourth Chamber) of 15 January 2026.#Verein für Konsumenteninformation v Koninklijke Luchtvaart Maatschappij NV.#Request for a preliminary ruling from the Oberster Gerichtshof.#Reference for a preliminary ruling – Air transport – Regulation (EC) No 261/2004 – Article 8(1) – Reimbursement of the price of a ticket in the event of cancellation of a flight – Commission collected by a person acting as an intermediary between the passenger and the air carrier when the ticket was bought – Conditions for inclusion – Amount of commission allegedly fixed without the air carrier’s knowledge – Burden of proof.#Case C-45/24.,en,2026-01-15,,EU,,Judgment,,https://eur-lex.europa.eu/legal-content/EN/TXT/?uri=CELEX:62024CJ0045,https://eur-lex.europa.eu/legal-content/EN/TXT/HTML/?uri=CELEX:62024CJ0045,https://eur-lex.europa.eu/legal-content/EN/TXT/XML/?uri=CELEX:62024CJ0045
doc-eu-case-62024CJ0615,EU,case_law,curia,ECLI:EU:C:2026:10,Judgment of the Court (Seventh Chamber) of 15 January 2026.#Ambito territoriale di caccia Ancona 2 v Azienda Agricola Camarzano di RK.#Request for a preliminary ruling from the Corte suprema di cassazione.#Reference for a preliminary ruling – State aid – Agricultural sector – Regulation (EU) No 1408/2013 – De minimis aid – Monitoring – Member State providing for the grant and the payment of de minimis aid without requiring a specific declaration from the applicant undertaking as to the amount and nature of any other State aid received during a period of three fiscal years – Production of self-certification relating to such aid.#Case C-615/24.,en,2026-01-15,,EU,,Judgment,,https://eur-lex.europa.eu/legal-content/EN/TXT/?uri=CELEX:62024CJ0615,https://eur-lex.europa.eu/legal-content/EN/TXT/HTML/?uri=CELEX:62024CJ0615,https://eur-lex.europa.eu/legal-content/EN/TXT/XML/?uri=CELEX:62024CJ0615
doc-eu-case-62024CJ0124,EU,case_law,curia,ECLI:EU:C:2026:7,Judgment of the Court (Sixth Chamber) of 15 January 2026.#Asociación Profesional de Empresas de Reparto y Manipulado de Correspondencia (Asempre) v European Commission.#Case C-124/24 P.,en,2026-01-15,,EU,,Judgment,,https://eur-lex.europa.eu/legal-content/EN/TXT/?uri=CELEX:62024CJ0124,https://eur-lex.europa.eu/legal-content/EN/TXT/HTML/?uri=CELEX:62024CJ0124,https://eur-lex.europa.eu/legal-content/EN/TXT/XML/?uri=CELEX:62024CJ0124
doc-eu-case-62024CJ0126,EU,case_law,curia,ECLI:EU:C:2026:8,Judgment of the Court (Sixth Chamber) of 15 January 2026.#Uno Organización Empresarial de Logística y Transporte v European Commission.#Case C-126/24 P.,en,2026-01-15,,EU,,Judgment,,https://eur-lex.europa.eu/legal-content/EN/TXT/?uri=CELEX:62024CJ0126,https://eur-lex.europa.eu/legal-content/EN/TXT/HTML/?uri=CELEX:62024CJ0126,https://eur-lex.europa.eu/legal-content/EN/TXT/XML/?uri=CELEX:62024CJ0126
doc-eu-case-62023CJ0641,EU,case_law,curia,ECLI:EU:C:2026:3,Judgment of the Court (Fifth Chamber) of 15 January 2026.#YM v Openbaar Ministerie.#Request for a preliminary ruling from the Rechtbank Amsterdam.#Case C-641/23.,en,2026-01-15,,EU,,Judgment,,https://eur-lex.europa.eu/legal-content/EN/TXT/?uri=CELEX:62023CJ0641,https://eur-lex.europa.eu/legal-content/EN/TXT/HTML/?uri=CELEX:62023CJ0641,https://eur-lex.europa.eu/legal-content/EN/TXT/XML/?uri=CELEX:62023CJ0641
doc-eu-case-62024CJ0494,EU,case_law,curia,ECLI:EU:C:2026:9,Judgment of the Court (Sixth Chamber) of 15 January 2026.#Issam Anbouba v Council of the European Union.#Case C-494/24 P.,en,2026-01-15,,EU,,Judgment,,https://eur-lex.europa.eu/legal-content/EN/TXT/?uri=CELEX:62024CJ0494,https://eur-lex.europa.eu/legal-content/EN/TXT/HTML/?uri=CELEX:62024CJ0494,https://eur-lex.europa.eu/legal-content/EN/TXT/XML/?uri=CELEX:62024CJ0494
doc-eu-case-62024CJ0045_RES,EU,case_law,curia,ECLI:EU:C:2026:2,Judgment of the Court (Fourth Chamber) of 15 January 2026.#Verein für Konsumenteninformation v Koninklijke Luchtvaart Maatschappij NV.#Reference for a preliminary ruling – Air transport – Regulation (EC) No 261/2004 – Article 8(1) – Reimbursement of the price of a ticket in the event of cancellation of a flight – Commission collected by a person acting as an intermediary between the passenger and the air carrier when the ticket was bought – Conditions for inclusion – Amount of commission allegedly fixed without the air carrier’s knowledge – Burden of proof.#Case C-45/24.,en,2026-01-15,,EU,,Judgment,,https://eur-lex.europa.eu/legal-content/EN/TXT/?uri=CELEX:62024CJ0045_RES,https://eur-lex.europa.eu/legal-content/EN/TXT/HTML/?uri=CELEX:62024CJ0045_RES,https://eur-lex.europa.eu/legal-content/EN/TXT/XML/?uri=CELEX:62024CJ0045_RES
doc-eu-case-62025TJ0064,EU,case_law,curia,ECLI:EU:T:2026:10,Judgment of the General Court (Eighth Chamber) of 14 January 2026.#Lisa Leone and Others v European Union Intellectual Property Office.#EU trade mark – Invalidity proceedings – EU word mark Leone – Relative ground for invalidity – Right to an earlier name under Austrian law – Article 60(2)(a) of Regulation (EU) 2017/1001.#Case T-64/25.,en,2026-01-14,,EU,,Judgment,,https://eur-lex.europa.eu/legal-content/EN/TXT/?uri=CELEX:62025TJ0064,https://eur-lex.europa.eu/legal-content/EN/TXT/HTML/?uri=CELEX:62025TJ0064,https://eur-lex.europa.eu/legal-content/EN/TXT/XML/?uri=CELEX:62025TJ0064
